CREATE TABLE t1 (i INT);
INSERT INTO t1 VALUES (1),(2);
SELECT DISTINCT MAX(i), ROW_NUMBER() OVER () FROM t1 WHERE 0;
MAX(i)	ROW_NUMBER() OVER ()
NULL	NULL
DROP TABLE t1;
CREATE TABLE t1 (i INT NOT NULL);
INSERT INTO t1 VALUES (1),(2);
SELECT DISTINCT MAX(i), ROW_NUMBER() OVER () FROM t1 WHERE i IS NULL;
MAX(i)	ROW_NUMBER() OVER ()
NULL	NULL
DROP TABLE t1;
